ABSCard Gestão de Benefícios - Página inicial | Facebook
https://pt-br.facebook.com/dmsistemas
ABSCard Gestão de Benefícios, Nova Lima. 712 curtidas. Há mais de 27 anos no Mercado, a DM Sistemas comercializa e implementa Soluções de Gestão de...

ABSCard Gestão de Benefícios shared ... - facebook.com
https://www.facebook.com/dmsistemas/posts/1249535178447708
Vaga para desenvolvedor back-end. Olá pessoal, a DM Gestão de Benefícios esta contratando desenvolvedor back-end c#. Voce ira atuar no desenvolvimento de novos ...

ABSCard Gestão de Benefícios - About | Facebook
https://www.facebook.com/dmsistemas/about
See contact information and details about ABSCard Gestão de Benefícios.

ABSCard Gestão de Benefícios - m.facebook.com
https://m.facebook.com/dmsistemas
ABSCard Gestão de Benefícios, Nova Lima. 712 likes. Há mais de 27 anos no Mercado, a DM Sistemas comercializa e implementa Soluções de Gestão de...

ABSCard - Gestão de Vale-transporte
www.dmsistemas.com.br
Redirecionamento... × A DM Sistemas AGORA É AUDAZ. Você será redirecionado em 5 segundos

Rosangela Vieira - Diretora Comercial - software de gestão ...
https://www.linkedin.com/in/rosangela-vieira-747b4929
Meu atual desafio é focado na representação de software para gestão de benefícios ( AbsCard), onde sou canal de distribuição para Nordeste ( 2015).

Gestão de benefícios e sua importância para as empresas
https://www.solver-rh.com.br/importancia-da-gestao-de-beneficios
A gestão de benefícios é extremamente importante para as empresas. Existem algumas medidas que podem melhorá-la. Leia nosso artigo e entenda mais.

Amanda Fontes - Suporte de atendimento ao usuário do ...
https://br.linkedin.com/in/amanda-fontes-21ba46ab
Utilização do sistema Abscard (Gestão de benefícios) para aquisição de vale transporte, para as empresas Walmart Brasil Vilma Alimentos, MRV Engenharia ...

GESTÃO DE BENEFÍCIOS simulado 1 - passeidireto.com
https://www.passeidireto.com/arquivo/17907481/gestao-de-beneficios...
Veja grátis o arquivo GESTÃO DE BENEFÍCIOS simulado 1 enviado para a disciplina de Gestão de Benefícios Categoria: Outros - 17907481

